gophersgang/go-non-trivial-apps,master,210
runemadsen/ok-go,master,210
mikeflynn/go-alexa,master,210
albrow/zoom,master,211
remind101/conveyor,master,211
mdlayher/raw,master,211
FactomProject/FactomCode,master,211
dgryski/trifles,master,212
lytics/anomalyzer,master,212
qor/auth,master,212
oxequa/grace,master,212
philchia/go_redis_client,master,212
upmc-enterprises/kubernetes-secret-manager,master,213
smartystreets/go-aws-auth,master,213
jpillora/go-tcp-proxy,master,213
krallistic/kafka-operator,master,213
omc/dendrite,master,213
fardog/secureoperator,master,214
roblaszczak/go-cleanarch,master,214
cenkalti/dalga,master,215
opennota/check,master,215
kinvolk/kube-spawn,master,215
jacobsa/go-serial,master,217
firebase/firebase-admin-go,master,217
aliyun/aliyun-oss-go-sdk,master,217
panjf2000/ants,master,217
DataDog/datadog-agent,master,217
genuinetools/audit,master,217
prettymuchbryce/hellobitcoin,master,217
hashicorp/hil,master,218
faiface/beep,master,218
noborus/trdsql,master,218
siddontang/moonmq,master,219
casbin/caddy-authz,master,219
jcelliott/turnpike,v2,220
natefinch/deputy,master,220
zieckey/gochart,master,220
mh-cbon/go-msi,master,220
hanguofeng/gocaptcha,master,221
looplab/logspout-logstash,master,221
ericchiang/go-acme,master,222
bobziuchkovski/writ,master,222
box-builder/box,master,222
wicast/xj2s,master,223
bep/s3deploy,master,223
heptiolabs/healthcheck,master,223
Francesco149/sharenix,master,224
ctdk/goiardi,master,224
campoy/golang-plugins,master,224
shurcooL/gostatus,master,224
mohanson/daze,master,224
agnivade/funnel,master,224
tucnak/store,master,225
hhrutter/pdfcpu,master,225
aws/aws-sdk-go-v2,master,226
leanote/leanote-all,master,226
vladimirvivien/gosh,master,226
siscia/effe,master,226
myitcv/react,master,227
square/inspect,master,227
hdm/nextnet,master,227
GianlucaGuarini/go-observable,master,227
root-gg/plik,master,227
Q2h1Cg/dnsbrute,v2.0,228
hajimehoshi/oto,master,228
ericlagergren/decimal,master,229
lclarkmichalek/etcdhcp,master,230
evanphx/json-patch,master,230
mwitkow/grpc-proxy,master,230
genuinetools/riddler,master,230
polaris1119/myblog_article_code,master,230
joeshaw/gengen,master,231
wg/arc,master,231
go-gl/mathgl,master,231
myzhan/boomer,master,231
karlseguin/ccache,master,231
uber-go/atomic,master,232
govend/govend,master,233
mingrammer/flog,master,234
wantedly/apig,master,234
Eneco/landscaper,master,235
eiblog/eiblog,master,235
fragmenta/fragmenta,master,235
neurosnap/sentences,master,235
boj/redistore,master,235
dadgar/onecache,master,237
casbin/chi-authz,master,237
otoolep/go-httpd,master,238
rs/xhandler,master,238
godarch/darch,develop,238
goraft/raftd,master,238
jwaldrip/odin,master,240
getlantern/lantern-android,master,240
jsgoecke/tesla,master,240
volatiletech/abcweb,master,241
spotahome/kooper,master,241
Arafatk/glot,master,241
ulule/loukoum,master,241
jhchen/ansize,master,242
daviddengcn/gcse,master,243
dpw/vendetta,master,244
errata-ai/vale,master,244
mikespook/gearman-go,master,245
Orientsoft/kubekit,master,245
jasonmoo/lambda_proc,master,245
mgutz/ansi,master,245
zeromq/goczmq,master,246
apex/apex-go,master,247
gambol99/keycloak-proxy,master,247
Soontao/go-simple-api-gateway,master,248
Massad/gin-boilerplate,master,248
TimothyYe/godns,master,248
UnnoTed/fileb0x,master,248
mitchellh/panicwrap,master,248
Bilibili/discovery,master,249
go-ozzo/ozzo-dbx,master,249
rebuy-de/aws-nuke,master,250
chmllr/notehub,master,250
etix/mirrorbits,master,250
holys/initials-avatar,master,250
zheng-ji/goSnowFlake,master,251
funktionio/funktion,master,251
BurntSushi/xgb,master,251
ccding/go-stun,master,251
vapor-ware/ksync,master,252
appscode/kubed,master,252
shenwei356/csvtk,master,252
tomsteele/blacksheepwall,master,252
maxbrunsfeld/counterfeiter,master,252
crillab/gophersat,master,252
jmhodges/jsonpp,master,253
jessfraz/tdash,master,253
GoogleCloudPlatform/govanityurls,master,253
codahale/hdrhistogram,master,254
benjojo/de-ip-hdmi,master,255
jingweno/jqplay,master,255
mislav/anyenv,master,256
drone/go.stripe,master,257
dkumor/acmewrapper,master,257
robbiev/two-factor-auth,master,257
bom-d-van/harp,master,257
gothinkster/golang-gin-realworld-example-app,master,257
tiglabs/containerfs,master,257
cloudius-systems/capstan,master,257
gonet2/game,master,258
jjyr/bootgo,master,258
pivotal-cf/pcfdev,master,259
samuel/go-thrift,master,259
cespare/xxhash,master,260
bketelsen/captainhook,master,260
aliyun/aliyun-cli,master,261
tcnksm/gotests,master,261
defrobo/crenshaw-go,master,261
smartwalle/alipay,master,262
mauri870/ransomware,master,262
tigrawap/slit,master,262
minio/dsync,master,262
beefsack/go-astar,master,263
stevedonovan/luar,master,263
zmb3/spotify,master,263
sensepost/gowitness,master,263
schollz/PIanoAI,master,263
johnlauer/serial-port-json-server,master,263
beefsack/go-rate,master,263
andrewstuart/hn,master,264
aws/amazon-ssm-agent,master,264
Ice3man543/SubOver,master,264
jlhawn/dockramp,master,265
Imgur/incus,master,265
tylertreat/bench,master,266
smartystreets/mafsa,master,266
google/embiggen-disk,master,267
driusan/de,master,268
docker/engine-api,master,268
applikatoni/applikatoni,master,268
johnernaut/goatee,master,268
QLeelulu/goku,master,268
ungerik/go-start,master,269
graphql-go/relay,master,270
Vonng/ac,master,270
aerospike/aerospike-client-go,master,270
mijia/modelq,master,271
toscale/go-react-example,master,271
philchia/zen,master,272
gogo/letmegrpc,master,272
gohouse/gorose,master,272
casbin/xorm-adapter,master,273
hairyhenderson/gomplate,master,273
bazil/bazil,master,273
ursiform/sleuth,master,273
liggitt/audit2rbac,master,274
gin-contrib/authz,master,274
arduino/arduino-builder,master,274
Unknwon/bra,master,274
Rican7/define,master,275
alioygur/godash,master,275
stayradiated/rango,master,275
bradfitz/latlong,master,276
c4milo/gsync,master,276
leekchan/gtf,master,276
mreiferson/go-httpclient,master,276
cossacklabs/acra,master,276
ryandotsmith/l2met,master,276
danryan/hal,master,278
ligfx/golang-distributed-filesystem,master,278
fzerorubigd/goql,master,279
SlyMarbo/rss,master,279
monzo/typhon,master,279
n1try/telegram-middleman-bot,master,280
kshvakov/clickhouse,master,280
peterbourgon/caspaxos,master,280
inconshreveable/slt,master,280
go-xiaohei/pugo,master,280
digitalocean/go-libvirt,master,281
oklog/run,master,281
lithammer/go-wiki,master,282
benbjohnson/testing,master,283
gocassa/gocassa,master,283
mna/martini-api-example,master,284
coreroller/coreroller,master,285
alexellis/derek,master,285
Microsoft/KubeGPU,master,285
bradfitz/gitbrute,master,285
AmyangXYZ/AssassinGo,master,285
cardigann/cardigann,master,287
aubm/postmanerator,master,287
maddevsio/ariadna,master,287
kubernetes/git-sync,master,287
DiSiqueira/Gorganizer,master,288
vladimirvivien/automi,master,289
go-ignite/ignite,master,289
shurcooL/githubv4,master,289
interagent/schematic,master,289
newrelic/go-agent,master,290
thecodingmachine/gotenberg,master,290
IBM/FfDL,master,291
cloudflare/ahocorasick,master,291
mheese/journalbeat,master,292
buildkite/agent,master,293
jmhodges/justrun,master,293
Jeffail/benthos,master,294
golangers/framework,master,294
libopenstorage/openstorage,master,295
skybebe/Algorithms-Learning-With-Go,master,295
square/sharkey,master,295
kisielk/godepgraph,master,296
nf/sigourney,master,296
Terry-Mao/gosnowflake,master,296
livc/GroupHub_Bot,master,298
go-spatial/tegola,master,298
mna/agora,master,299
uber-go/dig,master,299
gobuffalo/pop,master,299
haifenghuang/monkey,master,300
kyma-project/kyma,master,300
uber/tchannel-go,dev,301
ayufan/gitlab-ci-multi-runner,master,301
aisola/go-coreutils,master,301
graphite-ng/graphite-api-experiment,master,302
google/go-microservice-helpers,master,303
xuri/aurora,master,303
summerwind/h2spec,master,304
dustin/gomemcached,master,306
schollz/progressbar,master,306
dan-v/awslambdaproxy,master,307
xwjdsh/2048-ai,master,307
sselph/scraper,master,308
myntra/pipeline,master,308
mozillazg/request,master,308
lizrice/containers-from-scratch,master,308
vektra/vega,master,308
micro/go-config,master,309
lafikl/liblb,master,310
Cutehacks/qpm,master,310
golangci/awesome-go-linters,master,310
bmizerany/noeqd,master,310
logrusorgru/aurora,master,311
atlassian/escalator,master,312
bndw/pick,master,313
lxn/win,master,314
reborndb/qdb,master,314
stripe/stripe-mock,master,314
mssola/user_agent,master,315
jadekler/git-go-websiteskeleton,master,315
google/acme,master,315
cznic/sqlite,master,316
brainattica/golang-jwt-authentication-api-sample,master,316
box/kube-applier,master,316
DrakeW/corgi,develop,316
coyim/coyim,master,317
akrennmair/gopcap,master,317
sqs/goreturns,master,318
minio/highwayhash,master,318
gorilla/rpc,master,319
Rican7/retry,master,319
kubernetes/node-problem-detector,master,319
SumoLogic/sumoshell,master,320
loklak/loklak_go_api,master,321
alexkohler/prealloc,master,322
mackerelio/mackerel-agent,master,322
couchbase/vellum,master,322
ChimeraCoder/gitgo,master,323
cstockton/go-conv,master,323
intenthq/anon,master,326
schollz/gojot,master,327
mgutz/logxi,master,327
google/easypki,master,327
Cistern/catena,master,328
btfak/sniper,master,328
DAddYE/vips,master,328
ghodss/yaml,master,328
paulbellamy/mango,master,329
mjibson/esc,master,329
Quasilyte/goism,master,330
donutloop/mux,master,330
alash3al/wsify,master,330
cloudinsight/cloudinsight-agent,master,330
samsarahq/thunder,master,331
clockworksoul/smudge,master,331
square/certigo,master,332
rykov/paperboy,master,332
movio/kasper,master,333
q3k/crowbar,master,333
jmhodges/levigo,master,334
secondbit/wendy,master,334
coreos/go-oidc,v2,337
apache/incubator-servicecomb-service-center,master,338
mna/pigeon,master,338
uber-go/fx,master,338
docker/go-redis-server,master,338
google/gitprotocolio,master,338
matrix-org/dendrite,master,339
kelseyhightower/terminus,master,340
9seconds/ah,master,342
olliecoleman/alloy,master,343
nytlabs/hive,master,344
go-aah/aah,v0-edge,344
gansidui/gotcp,master,345
scipipe/scipipe,master,345
nsheridan/cashier,master,346
Lupino/shadowsocks-auth,master,346
ketchuphq/ketchup,master,348
genuinetools/amicontained,master,348
edsrzf/mmap-go,master,349
bradrydzewski/go.auth,master,349
ascoders/alipay,master,350
awslabs/goformation,master,351
weaveworks/eksctl,master,351
s-gv/orangeforum,master,354
Redundancy/go-sync,master,355
goreleaser/nfpm,master,355
wrouesnel/postgres_exporter,master,355
cavaliercoder/grab,master,356
tecbot/gorocksdb,master,357
vishvananda/wormhole,master,358
go-playground/lars,master,359
wcong/ants-go,master,359
spacemonkeygo/monkit,master,362
ForceCLI/force,master,362
Unknwon/gowalker,master,362
gorilla/context,master,362
gchaincl/dotsql,master,362
NYTimes/openapi2proto,master,365
balacode/one-file-pdf,master,365
dropbox/dbxcli,master,366
cosmtrek/air,master,366
abbot/go-http-auth,master,370
rafikk/halfshell,master,370
Unknwon/goconfig,master,370
decred/atomicswap,master,370
technosophos/dashing,master,371
digitalocean/do-agent,master,372
alipay/sofa-mosn,master,372
GoogleCloudPlatform/metacontroller,master,372
didi/gendry,master,372
disintegration/bebop,master,374
gregjones/httpcache,master,374
elastic/apm-server,master,375
xanzy/go-gitlab,master,375
ooyala/atlantis,master,376
bmhatfield/go-runtime-metrics,master,376
kolide/fleet,master,378
ericchiang/k8s,master,378
go-playground/pool,v3,379
thewhitetulip/Tasks,master,379
ajhager/engi,master,380
EgeBalci/HERCULES,master,380
sbinet/igo,master,380
kingsoft-wps/kingtask,master,380
Dataman-Cloud/swan,master,382
skratchdot/open-golang,master,386
sourcegraph/thesrc,master,386
weaveworks/mesh,master,387
kenshinx/godns,master,388
mkideal/cli,master,389
madari/go-socket.io,master,390
NYTimes/video-transcoding-api,master,392
leekchan/accounting,master,393
Broadroad/gpool,master,394
subgraph/oz,master,395
driskell/log-courier,master,395
cbeuw/GoQuiet,master,396
grailbio/reflow,master,396
henrylee2cn/lessgo,master,397
mustafaakin/gongular,master,399
elwinar/rambler,master,401
t3rm1n4l/megacmd,master,403
istio/fortio,master,403
hashicorp/go-version,master,403
adjust/redismq,master,403
checkr/flagr,master,404
thedevsaddam/gojsonq,master,406
cznic/kv,master,406
netlify/gocommerce,master,407
keybase/saltpack,master,408
Pallinder/go-randomdata,master,409
TimothyYe/skm,master,410
c9s/c6,master,410
jaytaylor/shipbuilder,master,410
terraform-providers/terraform-provider-azurerm,master,410
oleiade/lane,master,412
alfredxing/calc,master,414
jsha/minica,master,414
sogko/slumber,master,415
anshumanbh/git-all-secrets,master,416
insionng/zenpress,master,416
Coccodrillo/apns,master,417
boyter/scc,master,418
radovskyb/watcher,master,418
coocood/jas,master,419
stelligent/mu,develop,419
adjust/go-wrk,master,421
aws/amazon-vpc-cni-k8s,master,421
auth0/go-jwt-middleware,master,422
lithammer/shortuuid,master,423
fanux/lhttp,master,423
runatlantis/atlantis,master,424
george518/PPGo_ApiAdmin,master,425
btcsuite/btcwallet,master,426
albrow/jobs,master,429
gorilla/schema,master,431
rackspace/gophercloud,master,433
vkuznecovas/mouthful,master,433
RobotsAndPencils/buford,master,436
teambition/gear,master,436
cloudtools/ssh-cert-authority,master,437
dustin/seriesly,master,437
m3ng9i/ran,master,438
uber/cadence,master,438
radovskyb/go-packages,master,440
deckarep/gosx-notifier,master,440
jonmorehouse/terraform-provisioner-ansible,master,440
pions/webrtc,master,442
schollz/cowyo,master,442
bxcodec/go-clean-arch,master,442
gosuri/uitable,master,443
packetzoom/logzoom,master,445
vmware/dispatch,master,446
fabiofalci/sconsify,master,448
camptocamp/terraboard,master,448
vole/vole,master,449
golang/appengine,master,450
Azure/azure-sdk-for-go,master,451
bouk/staticfiles,master,454
AllenDang/w32,master,457
xyproto/algernon,master,457
songgao/water,master,459
benbjohnson/megajson,master,459
wata727/tflint,master,460
erning/gorun,master,462
yep/eth-tweet,master,466
boombuler/barcode,master,466
thoas/go-funk,master,470
nsf/godit,master,472
gomods/athens,master,474
PalmStoneGames/kube-cert-manager,master,474
hashicorp/go-multierror,master,474
bamarni/pi64,master,475
evilsocket/sg1,master,475
lafikl/consistent,master,475
getlantern/systray,master,476
beego/mux,master,479
nehbit/aether,master,479
huandu/xstrings,master,479
petar/GoLLRB,master,481
cornelk/hashmap,master,482
thoas/stats,master,485
ga0/netgraph,master,486
square/ghostunnel,master,487
krotik/eliasdb,master,487
go-interpreter/wagon,master,489
mingrammer/commonregex,master,494
fragmenta/fragmenta-cms,master,495
oragono/oragono,master,496
pointlander/peg,master,500
oakmound/oak,master,502
otoolep/hraftd,master,504
kubernetes/kube-deploy,master,505
timest/goscan,master,507
coocood/qbs,master,510
alexflint/go-arg,master,512
colinmarc/hdfs,master,513
denverdino/aliyungo,master,513
jolestar/go-commons-pool,master,513
sclevine/agouti,master,514
immortal/immortal,master,514
moovweb/gokogiri,master,518
domodwyer/cryptic,master,520
couchbase/moss,master,523
manifoldco/torus-cli,master,523
caarlos0/env,master,524
dcoker/biscuit,master,524
zond/god,master,525
nzoschke/gofaas,master,526
qiangxue/golang-restful-starter-kit,master,526
likexian/stathub-go,master,527
unidoc/unidoc,master,528
manyminds/api2go,master,528
bitnami-labs/sealed-secrets,master,530
hashicorp/go-getter,master,530
ericlagergren/go-coreutils,master,530
campoy/todo,master,531
samonzeweb/godb,master,531
briandowns/spinner,master,535
bogdanovich/siberite,master,538
jawher/mow.cli,master,538
ConradIrwin/aws-name-server,master,548
rdegges/ipify-api,master,551
nanopack/mist,master,551
oracle/smith,master,556
uber-go/ratelimit,master,557
ruedap/alfred-font-awesome-workflow,master,559
caicloud/cyclone,master,561
sony/sonyflake,master,562
weaveworks/cortex,master,562
ha/doozer,master,562
bcongdon/corral,master,563
gorilla/handlers,master,565
gardener/gardener,master,565
lucasb-eyer/go-colorful,master,566
nadoo/glider,master,566
facebookincubator/dhcplb,master,567
hoisie/redis,master,569
caixw/apidoc,master,570
natefinch/pie,master,573
ivoras/daisy,master,574
martinkirsche/wired-logic,master,574
signintech/gopdf,master,576
cristaloleg/go-advices,master,577
sanity-io/litter,master,579
qiniu/qlang,develop,579
mikefarah/yq,master,580
Jeffail/leaps,master,582
kubernetes-sigs/aws-alb-ingress-controller,master,584
perlin-network/life,master,584
armon/go-metrics,master,586
ryhanson/phishery,master,590
exercism/cli,master,592
elazarl/go-bindata-assetfs,master,592
holochain/holochain-proto,develop,596
awslabs/amazon-ecr-credential-helper,master,597
hirokidaichi/goviz,master,599
kubernetes-sigs/aws-iam-authenticator,master,599
ark-lang/ark,master,599
siddontang/mixer,master,600
sausheong/polyglot,master,605
ksonnet/ksonnet,master,605
smartystreets/go-disruptor,master,609
GoogleCloudPlatform/gcsfuse,master,610
jgrahamc/webwatch,master,613
getantibody/antibody,master,614
peterbourgon/diskv,master,615
malisit/kolpa,master,619
go-chassis/go-chassis,master,619
stretchr/goweb,master,623
SermoDigital/jose,master,624
remogatto/mandala,master,626
wagoodman/bashful,master,627
BurntSushi/wingo,master,630
pinterest/knox,master,632
soundscapecloud/soundscape,master,633
vektra/mockery,master,638
GenesisKernel/go-genesis,master,640
golang/tour,master,641
blackbeans/kiteq,master,644
eolinker/GoKu-API-Gateway,master,645
hootsuite/atlantis,master,648
src-d/go-kallax,master,648
huandu/facebook,master,651
beego/bee,master,652
google/martian,master,654
goji/goji,master,657
ochinchina/supervisord,master,660
pforemski/dingo,master,662
pebbe/zmq4,master,663
go-python/gopy,master,663
gosuri/uilive,master,663
bradfitz/talk-yapc-asia-2015,master,665
keratin/authn-server,master,665
docker/app,master,665
KyleBanks/goggles,master,666
jackpal/Taipei-Torrent,master,667
tucnak/telebot,v2,670
go-reform/reform,v1-stable,673
gopherjs/vecty,master,673
cloudflare/Stout,master,675
PuerkitoBio/fetchbot,master,676
sensepost/ruler,master,677
corylanou/tns-restful-json-api,master,680
sidkshatriya/dontbug,master,681
astaxie/beedb,master,682
paypal/gatt,master,682
cesanta/docker_auth,master,685
knadh/niltalk,master,687
mholt/binding,master,688
AcalephStorage/consul-alerts,master,688
Shopify/ejson,master,693
atmanos/atmanos,master,694
gengo/goship,master,697
jeansfish/RFC6749.zh-cn,master,699
mattn/anko,master,706
meqio/meq,master,708
izqui/blockchain,master,711
vektra/templar,master,712
u-root/u-root,master,713
dghubble/sling,master,714
imroc/req,master,715
shawn1m/overture,master,717
eawsy/aws-lambda-go,master,717
mvdan/interfacer,master,717
jiajunhuang/guard,master,717
perlin-network/noise,master,719
yosssi/ace,master,724
rakyll/go-hardware,master,727
chihaya/chihaya,master,727
fireeye/gocrack,master,727
simon-engledew/gocmdpev,master,729
AlecAivazis/survey,master,730
goodrain/rainbond,master,733
sevlyar/go-daemon,master,735
gocircuit/escher,master,736
benjojo/totp-ssh-fluxer,master,736
milochristiansen/lua,master,736
splitsh/lite,master,744
evilsocket/dnssearch,master,746
trumail/trumail,master,749
aquasecurity/kube-bench,master,756
magefile/mage,master,756
mikespook/gorbac,master,757
celrenheit/lion,master,758
skizzehq/skizze,master,759
xlab/android-go,master,760
rs/xid,master,766
gojp/goreportcard,master,768
subfinder/subfinder,master,771
justjanne/powerline-go,master,772
petejkim/goop,master,772
hunterloftis/pbr,master,773
codahale/sneaker,master,778
apcera/libretto,master,783
eknkc/amber,master,791
deckarep/golang-set,master,792
hprose/hprose-golang,master,792
minio/mc,master,792
orcaman/concurrent-map,master,793
cloudnativelabs/kube-router,master,799
kubernetes-incubator/kube-aws,master,801
kubernetes-incubator/bootkube,master,802
mcuadros/ofelia,master,804
braintree/manners,master,813
cortesi/modd,master,834
Jeffail/tunny,master,843
mitchellh/cli,master,844
cloud66-oss/habitus,master,847
projectatomic/buildah,master,851
jaksi/sshesame,master,857
tinylib/msgp,master,858
euphoria-io/heim,master,862
olebedev/when,master,867
guptarohit/asciigraph,master,867
0xAX/go-algorithms,master,870
Netflix/rend,master,878
tleyden/open-ocr,master,883
heptio/sonobuoy,master,883
dave/jennifer,master,892
lgtmco/lgtm,master,895
lovoo/goka,master,895
RichardKnop/go-oauth2-server,master,897
Azure/acs-engine,master,900
thrasher-/gocryptotrader,master,902
gonum/plot,master,902
ChimeraCoder/anaconda,master,903
montanaflynn/stats,master,906
openshift/source-to-image,master,908
cespare/reflex,master,909
jasonlvhit/gocron,master,910
yahoo/webseclab,master,911
mattbaird/elastigo,master,912
natefinch/lumberjack,v2.0,916
sensu/uchiwa,master,921
kelseyhightower/kube-cert-manager,master,925
kubernetes/autoscaler,master,927
sourcegraph/srclib,master,929
mholt/archiver,master,935
joyent/containerpilot,master,938
rlmcpherson/s3gof3r,master,938
xtaci/gonet,master,938
ChrisRx/dungeonfs,master,942
codetainerapp/codetainer,master,942
hajimehoshi/ebiten,master,944
slackhq/go-audit,master,947
go-task/task,master,952
aws/amazon-ecs-cli,master,953
microcosm-cc/bluemonday,master,954
pravj/geopattern,master,957
facebookgo/inject,master,960
docopt/docopt.go,master,967
tobyhede/go-underscore,master,969
dbohdan/automatic-api,master,970
adtac/autovpn,master,975
oniony/TMSU,master,980
rcrowley/go-tigertonic,master,985
heptio/contour,master,985
uniqush/uniqush-push,master,985
census-instrumentation/opencensus-go,master,987
cristim/autospotting,master,991
alecthomas/participle,master,996
michaelmacinnis/oh,master,1002
rancher/convoy,master,1014
shiyanhui/hero,master,1019
mkaz/working-with-go,master,1022
glycerine/zygomys,master,1023
puma/puma-dev,master,1025
hellogcc/100-gdb-tips,master,1028
ory/oathkeeper,master,1030
takama/daemon,master,1035
kryptco/kr,master,1035
pulumi/pulumi,master,1037
rach/pome,develop,1039
evilsocket/xray,master,1055
tylerb/graceful,master,1057
StackExchange/dnscontrol,master,1059
stripe/veneur,master,1063
sourcegraph/webloop,master,1073
hashicorp/envconsul,master,1073
shunfei/cronsun,master,1075
metrue/fx,master,1087
elliotchance/c2go,master,1094
openfaas/faas-netes,master,1098
levigross/grequests,master,1112
ssllabs/ssllabs-scan,master,1113
cznic/ql,master,1119
securitywithoutborders/hardentools,master,1126
go-telegram-bot-api/telegram-bot-api,master,1130
google/stenographer,master,1145
gosuri/uiprogress,master,1151
hyperledger-archives/fabric,master,1151
b3log/pipe,master,1154
google/trillian,master,1156
siddontang/go-mysql,master,1158
Qihoo360/poseidon,master,1163
cihub/seelog,master,1168
TrueFurby/go-callvis,master,1175
caffix/amass,master,1188
argoproj/argo,master,1189
chzyer/readline,master,1191
moncho/dry,master,1195
ory/ladon,master,1201
liuchengxu/blockchain-tutorial,master,1212
gruntwork-io/terratest,master,1214
moul/advanced-ssh-config,master,1223
henrylee2cn/teleport,v4,1235
Yelp/dockersh,master,1237
icexin/gocraft,master,1246
s-rah/onionscan,master,1248
rakyll/gom,master,1248
henrylee2cn/faygo,master,1254
github/git-sizer,master,1262
FiloSottile/whosthere,master,1279
aws/amazon-ecs-agent,master,1280
matthewmueller/joy,master,1283
rexray/rexray,master,1285
mvdan/sh,master,1289
svent/sift,master,1290
google/keytransparency,master,1295
Shopify/go-lua,master,1303
willnorris/imageproxy,master,1304
gokrazy/gokrazy,master,1308
jingweno/godzilla,master,1315
joho/godotenv,master,1323
google/mtail,master,1326
gocql/gocql,master,1340
sourcegraph/appdash,master,1341
GeertJohan/go.rice,master,1348
heptio/ark,master,1384
xtaci/kcp-go,master,1392
marcusolsson/tui-go,master,1393
99designs/aws-vault,master,1394
arnauddri/algorithms,master,1400
fogleman/gg,master,1402
jenkins-x/jx,master,1403
rakyll/statik,master,1403
kardianos/service,master,1406
alecthomas/chroma,master,1407
volatiletech/sqlboiler,master,1412
aws/aws-lambda-go,master,1418
terraform-providers/terraform-provider-aws,master,1420
prometheus/alertmanager,master,1421
labstack/armor,master,1425
yhat/scrape,master,1431
theupdateframework/notary,master,1453
achilleasa/gopher-os,master,1456
cjbassi/gotop,master,1461
go-bootstrap/go-bootstrap,master,1465
digitalocean/doctl,master,1472
gruntwork-io/terragrunt,master,1474
celrenheit/sandglass,dev,1474
google/google-api-go-client,master,1486
volatiletech/authboss,master,1491
faiface/pixel,master,1492
kahing/goofys,master,1494
fireworq/fireworq,master,1525
GoogleCloudPlatform/agones,master,1547
golang/mock,master,1551
zquestz/s,master,1554
whyrusleeping/gx,master,1554
laher/goxc,master,1554
hlandau/acme,master,1564
GoogleChromeLabs/simplehttp2server,master,1573
aptly-dev/aptly,master,1587
fogleman/pt,master,1589
spf13/afero,master,1596
justinas/alice,master,1605
getqujing/qtunnel,master,1612
lucas-clemente/quic-go,master,1615
floyernick/Data-Structures-and-Algorithms,master,1620
arachnys/athenapdf,master,1652
google/pprof,master,1675
kabukky/journey,master,1679
jdkato/prose,master,1685
Jeiwan/blockchain_go,master,1709
coocood/freecache,master,1711
disintegration/imaging,master,1730
dominikh/go-tools,master,1750
pressly/sup,master,1760
anthonynsimon/bild,master,1765
jinzhu/now,master,1767
graph-gophers/graphql-go,master,1769
asticode/go-astilectron,master,1773
wcharczuk/go-chart,master,1773
docker/swarmkit,master,1779
sideshow/apns2,master,1804
markbates/goth,master,1815
skynetservices/skynet-archive,master,1837
kubernetes/contrib,master,1847
lxc/lxd,master,1854
goraft/raft,master,1859
gpmgo/gopm,master,1872
gonum/gonum,master,1882
variadico/noti,master,1915
yahoo/gryffin,master,1924
jedisct1/dnscrypt-proxy,master,1964
streadway/amqp,master,1976
ksimka/go-is-not-good,master,1977
alecthomas/kingpin,master,1997
benmanns/goworker,master,2008
docker/infrakit,master,2024
gorgonia/gorgonia,master,2029
thewhitetulip/web-dev-golang-anti-textbook,master,2050
gernest/utron,master,2060
campoy/go-tooling-workshop,master,2086
soundcloud/roshi,master,2096
360EntSecGroup-Skylar/goreporter,master,2119
FiloSottile/Heartbleed,master,2187
chromedp/chromedp,master,2188
ginuerzh/gost,master,2226
jpillora/chisel,master,2246
gilbertchen/duplicacy,master,2265
name5566/leaf,master,2265
googollee/go-socket.io,master,2268
murlokswarm/app,master,2271
NYTimes/gizmo,master,2316
monochromegane/the_platinum_searcher,master,2324
zxh0/jvm.go,master,2331
coredns/coredns,master,2379
pksunkara/alpaca,master,2384
coreos/fleet,master,2421
remind101/empire,master,2432
bitly/go-simplejson,master,2436
jung-kurt/gofpdf,master,2456
go-macaron/macaron,master,2475
davecgh/go-spew,master,2482
b3log/wide,master,2485
Azure/draft,master,2487
twitchtv/twirp,master,2492
jpillora/cloud-torrent,master,2496
jpmorganchase/quorum,master,2517
karan/joe,master,2571
cortesi/devd,master,2573
golang/lint,master,2608
google/gops,master,2616
siddontang/ledisdb,master,2622
oklog/oklog,master,2667
robfig/cron,master,2692
claudiodangelis/qr-filetransfer,master,2711
goby-lang/goby,master,2735
lxn/walk,master,2752
appleboy/gorush,master,2771
mitchellh/gox,master,2793
chai2010/advanced-go-programming-book,master,2809
tsuru/tsuru,master,2823
src-d/go-git,master,2826
filebrowser/filebrowser,master,2902
Shopify/toxiproxy,master,2910
perkeep/perkeep,master,2935
DisposaBoy/GoSublime,master,2978
ha/doozerd,master,3015
rgburke/grv,master,3063
adnanh/webhook,master,3067
snail007/goproxy,master,3088
ant0ine/go-json-rest,master,3148
russross/blackfriday,master,3157
muesli/beehive,master,3162
igrigorik/ga-beacon,master,3205
Shopify/sarama,master,3233
json-iterator/go,master,3269
burke/zeus,master,3272
qor/qor,master,3309
coreos/flannel,master,3316
zenazn/goji,master,3458
google/battery-historian,master,3547
google/go-cloud,master,3589
flike/kingshard,master,3644
iawia002/annie,master,3717
hashicorp/nomad,master,3745
google/git-appraise,master,3816
wallix/awless,master,3853
robertkrimen/otto,master,3932
micro/go-micro,master,3974
bitly/oauth2_proxy,master,4053
yinghuocho/firefly-proxy,master,4058
loadimpact/k6,master,4076
aws/aws-sdk-go,master,4107
henrylee2cn/pholcus,master,4304
blevesearch/bleve,master,4513
linuxkit/linuxkit,master,4537
google/seesaw,master,4603
Netflix/chaosmonkey,master,4668
micro/micro,master,4695
upspin/upspin,master,4788
tidwall/tile38,master,4806
docker/machine,master,4816
cloudson/gitql,develop,4859
teh-cmc/go-internals,master,5048
docker/swarm,master,5218
jaegertracing/jaeger,master,5401
stretchr/testify,master,5464
chrislusf/seaweedfs,master,5608
txthinking/brook,master,5750
go-sql-driver/mysql,master,5832
PuerkitoBio/goquery,master,6031
vitessio/vitess,master,6372
gorilla/websocket,master,6426
coreybutler/nvm-windows,master,6488
golang/groupcache,master,6612
gorilla/mux,master,6692
flynn/flynn,master,6775
gopherjs/gopherjs,master,7173
apex/apex,master,7196
julienschmidt/httprouter,master,7465
FiloSottile/mkcert,master,7486
hashicorp/packer,master,7887
rkt/rkt,master,8111
spf13/cobra,master,8360
xtaci/kcptun,master,8462
urfave/cli,master,8640
derekparker/delve,master,8866
google/grumpy,master,9131
buger/goreplay,master,9177
go-gitea/gitea,master,9298
v2ray/v2ray-core,master,9467
zyedidia/micro,master,9563
joewalnes/websocketd,master,9719
hashicorp/vault,master,9730
revel/revel,master,10100
yudai/gotty,master,10670
go-kit/kit,master,10792
nsqio/nsq,master,12961
hashicorp/terraform,master,13015
hashicorp/consul,master,13024
fatedier/frp,master,14139
pingcap/tidb,master,14249

,master,15168
junegunn/fzf,master,15619
gin-gonic/gin,master,19326
coreos/etcd,master,19577
astaxie/build-web-application-with-golang,master,24273
gogs/gogs,master,26430
avelino/awesome-go,master,33773
moby/moby,master,49809
